<?xml version="1.0" encoding="UTF-8"?>
<project-private xmlns="http://www.netbeans.org/ns/project-private/1">
    <editor-bookmarks xmlns="http://www.netbeans.org/ns/editor-bookmarks/2" lastBookmarkId="0"/>
    <open-files xmlns="http://www.netbeans.org/ns/projectui-open-files/2">
        <group name="Ejemplos Clase 1">
            <file>file:/C:/Users/Federico/Documents/Educación%20IT/Patrones%20de%20Diseño/Ejemplos%20Clase%201/Builder/src/ar/com/fg/builder/main/Main.java</file>
        </group>
        <group name="C1 ejemplos">
            <file>file:/E:/Patrones%20de%20Diseño%20-%207c/C1%20ejemplos/Builder/src/ar/com/fg/builder/actores/SandwichBuilder.java</file>
            <file>file:/E:/Patrones%20de%20Diseño%20-%207c/C1%20ejemplos/Builder/src/ar/com/fg/builder/actores/Sandwich.java</file>
            <file>file:/E:/Patrones%20de%20Diseño%20-%207c/C1%20ejemplos/Builder/src/ar/com/fg/builder/builders/LomoBuilder.java</file>
            <file>file:/E:/Patrones%20de%20Diseño%20-%207c/C1%20ejemplos/Builder/src/ar/com/fg/builder/actores/SandwichMaker.java</file>
            <file>file:/E:/Patrones%20de%20Diseño%20-%207c/C1%20ejemplos/Builder/src/ar/com/fg/builder/main/Main.java</file>
        </group>
    </open-files>
</project-private>
