<?xml version="1.0" encoding="UTF-8"?>
<project-private xmlns="http://www.netbeans.org/ns/project-private/1">
    <editor-bookmarks xmlns="http://www.netbeans.org/ns/editor-bookmarks/2" lastBookmarkId="0"/>
    <open-files xmlns="http://www.netbeans.org/ns/projectui-open-files/2">
        <group name="Proyectos">
            <file>file:/E:/clase5-pdd/Proyectos/PatronFlyweight/src/ar/com/educacionit/patrones/flyweight/LineaFactory.java</file>
            <file>file:/E:/clase5-pdd/Proyectos/PatronFlyweight/src/ar/com/educacionit/patrones/flyweight/LineaFlyweight.java</file>
            <file>file:/E:/clase5-pdd/Proyectos/PatronFlyweight/src/ar/com/educacionit/patrones/flyweight/Main.java</file>
            <file>file:/E:/clase5-pdd/Proyectos/PatronFlyweight/src/ar/com/educacionit/patrones/flyweight/Linea.java</file>
        </group>
    </open-files>
</project-private>
