<?xml version="1.0" encoding="UTF-8"?>
<project-private xmlns="http://www.netbeans.org/ns/project-private/1">
    <editor-bookmarks xmlns="http://www.netbeans.org/ns/editor-bookmarks/2" lastBookmarkId="0"/>
    <open-files xmlns="http://www.netbeans.org/ns/projectui-open-files/2">
        <group name="Ejemplos Clase 1">
            <file>file:/C:/Users/Federico/Documents/Educación%20IT/Patrones%20de%20Diseño/Ejemplos%20Clase%201/TemplateMethod/src/ar/com/fg/actores/RedSocial.java</file>
            <file>file:/C:/Users/Federico/Documents/Educación%20IT/Patrones%20de%20Diseño/Ejemplos%20Clase%201/TemplateMethod/src/ar/com/fg/actores/Twitter.java</file>
            <file>file:/C:/Users/Federico/Documents/Educación%20IT/Patrones%20de%20Diseño/Ejemplos%20Clase%201/TemplateMethod/src/ar/com/fg/main/Main.java</file>
            <file>file:/C:/Users/Federico/Documents/Educación%20IT/Patrones%20de%20Diseño/Ejemplos%20Clase%201/TemplateMethod/src/ar/com/fg/actores/Facebook.java</file>
        </group>
    </open-files>
</project-private>
