<?xml version="1.0" encoding="UTF-8"?>
<project-private xmlns="http://www.netbeans.org/ns/project-private/1">
    <editor-bookmarks xmlns="http://www.netbeans.org/ns/editor-bookmarks/2" lastBookmarkId="0"/>
    <open-files xmlns="http://www.netbeans.org/ns/projectui-open-files/2">
        <group name="C4 ejemplos">
            <file>file:/E:/Patrones%20de%20Diseño%20-%207c/C4%20ejemplos/Observer/src/ar/com/fg/main/Main.java</file>
            <file>file:/E:/Patrones%20de%20Diseño%20-%207c/C4%20ejemplos/Observer/src/ar/com/fg/subject/EstadoServidor.java</file>
            <file>file:/E:/Patrones%20de%20Diseño%20-%207c/C4%20ejemplos/Observer/src/ar/com/fg/observers/EquipoSoporte.java</file>
            <file>file:/E:/Patrones%20de%20Diseño%20-%207c/C4%20ejemplos/Observer/src/ar/com/fg/observers/NotificacionUsuarios.java</file>
            <file>file:/E:/Patrones%20de%20Diseño%20-%207c/C4%20ejemplos/Observer/src/ar/com/fg/observers/Observador.java</file>
            <file>file:/E:/Patrones%20de%20Diseño%20-%207c/C4%20ejemplos/Observer/src/ar/com/fg/subject/ServidorWeb.java</file>
            <file>file:/E:/Patrones%20de%20Diseño%20-%207c/C4%20ejemplos/Observer/src/ar/com/fg/observers/PlanDeContingencia.java</file>
            <file>file:/E:/Patrones%20de%20Diseño%20-%207c/C4%20ejemplos/Observer/src/ar/com/fg/observers/PaginaDeStatus.java</file>
            <file>file:/E:/Patrones%20de%20Diseño%20-%207c/C4%20ejemplos/Observer/src/ar/com/fg/subject/Servidor.java</file>
        </group>
    </open-files>
</project-private>
