<?xml version="1.0" encoding="UTF-8"?>
<project-private xmlns="http://www.netbeans.org/ns/project-private/1">
    <editor-bookmarks xmlns="http://www.netbeans.org/ns/editor-bookmarks/2" lastBookmarkId="0"/>
    <open-files xmlns="http://www.netbeans.org/ns/projectui-open-files/2">
        <group name="Ejemplos Clase 3">
            <file>file:/C:/Users/Federico/Documents/Educación%20IT/Patrones%20de%20Diseño/Ejemplos%20Clase%203/Memento/src/ar/com/educacionit/patrones/memento/Persona.java</file>
            <file>file:/C:/Users/Federico/Documents/Educación%20IT/Patrones%20de%20Diseño/Ejemplos%20Clase%203/Memento/src/ar/com/educacionit/patrones/memento/main/Main.java</file>
        </group>
        <group name="Clase 3">
            <file>file:/E:/clase3-pdd/Proyectos/Memento/src/ar/com/educacionit/patrones/memento/main/Main.java</file>
        </group>
    </open-files>
</project-private>
