<?xml version="1.0" encoding="UTF-8"?>
<project-private xmlns="http://www.netbeans.org/ns/project-private/1">
    <editor-bookmarks xmlns="http://www.netbeans.org/ns/editor-bookmarks/2" lastBookmarkId="0"/>
    <open-files xmlns="http://www.netbeans.org/ns/projectui-open-files/2">
        <group name="Clase 3">
            <file>file:/C:/Users/Federico/Documents/Educación%20IT/Patrones%20de%20Diseño/Clase%203/PatronAdapter/src/ar/com/educacionit/patrones/adapter/IPersonaNueva.java</file>
            <file>file:/C:/Users/Federico/Documents/Educación%20IT/Patrones%20de%20Diseño/Clase%203/PatronAdapter/src/ar/com/educacionit/patrones/adapter/IPersonaVieja.java</file>
            <file>file:/C:/Users/Federico/Documents/Educación%20IT/Patrones%20de%20Diseño/Clase%203/PatronAdapter/src/ar/com/educacionit/patrones/adapter/main/Main.java</file>
            <file>file:/C:/Users/Federico/Documents/Educación%20IT/Patrones%20de%20Diseño/Clase%203/PatronAdapter/src/ar/com/educacionit/patrones/adapter/impl/ViejaToNuevaAdapter.java</file>
        </group>
    </open-files>
</project-private>
