<?xml version="1.0" encoding="UTF-8"?>
<project-private xmlns="http://www.netbeans.org/ns/project-private/1">
    <editor-bookmarks xmlns="http://www.netbeans.org/ns/editor-bookmarks/2" lastBookmarkId="0"/>
    <open-files xmlns="http://www.netbeans.org/ns/projectui-open-files/2">
        <group name="Ejemplos Clase 5">
            <file>file:/C:/Users/Federico/Documents/Educación%20IT/Patrones%20de%20Diseño/Ejemplos%20Clase%205/Composite/src/ar/com/fg/actores/NodoInfraestructura.java</file>
            <file>file:/C:/Users/Federico/Documents/Educación%20IT/Patrones%20de%20Diseño/Ejemplos%20Clase%205/Composite/src/ar/com/fg/actores/RedDistribucionUrbana.java</file>
            <file>file:/C:/Users/Federico/Documents/Educación%20IT/Patrones%20de%20Diseño/Ejemplos%20Clase%205/Composite/src/ar/com/fg/actores/ComponenteRedElectrica.java</file>
            <file>file:/C:/Users/Federico/Documents/Educación%20IT/Patrones%20de%20Diseño/Ejemplos%20Clase%205/Composite/src/ar/com/fg/actores/LineaAltaTension.java</file>
            <file>file:/C:/Users/Federico/Documents/Educación%20IT/Patrones%20de%20Diseño/Ejemplos%20Clase%205/Composite/src/ar/com/fg/actores/CentralElectrica.java</file>
            <file>file:/C:/Users/Federico/Documents/Educación%20IT/Patrones%20de%20Diseño/Ejemplos%20Clase%205/Composite/src/ar/com/fg/actores/UsuarioFinalElectricidad.java</file>
            <file>file:/C:/Users/Federico/Documents/Educación%20IT/Patrones%20de%20Diseño/Ejemplos%20Clase%205/Composite/src/ar/com/fg/main/Main.java</file>
        </group>
    </open-files>
</project-private>
