<?xml version="1.0" encoding="UTF-8"?>
<project-private xmlns="http://www.netbeans.org/ns/project-private/1">
    <editor-bookmarks xmlns="http://www.netbeans.org/ns/editor-bookmarks/2" lastBookmarkId="0"/>
    <open-files xmlns="http://www.netbeans.org/ns/projectui-open-files/2">
        <group name="Clase 2"/>
        <group name="C2 ejemplos">
            <file>file:/E:/Patrones%20de%20Diseño%20-%207c/C2%20ejemplos/PatronChainOfResponsability/src/ar/com/educacionit/patrones/chain/impl/EjecutivoDeCuenta.java</file>
            <file>file:/E:/Patrones%20de%20Diseño%20-%207c/C2%20ejemplos/PatronChainOfResponsability/src/ar/com/educacionit/patrones/chain/impl/LiderTeamEjecutivo.java</file>
            <file>file:/E:/Patrones%20de%20Diseño%20-%207c/C2%20ejemplos/PatronChainOfResponsability/src/ar/com/educacionit/patrones/chain/impl/Director.java</file>
            <file>file:/E:/Patrones%20de%20Diseño%20-%207c/C2%20ejemplos/PatronChainOfResponsability/src/ar/com/educacionit/patrones/chain/IAprobador.java</file>
            <file>file:/E:/Patrones%20de%20Diseño%20-%207c/C2%20ejemplos/PatronChainOfResponsability/src/ar/com/educacionit/patrones/chain/impl/Gerente.java</file>
            <file>file:/E:/Patrones%20de%20Diseño%20-%207c/C2%20ejemplos/PatronChainOfResponsability/src/ar/com/educacionit/patrones/chain/impl/Banco.java</file>
            <file>file:/E:/Patrones%20de%20Diseño%20-%207c/C2%20ejemplos/PatronChainOfResponsability/src/ar/com/educacionit/patrones/chain/main/Main.java</file>
            <file>file:/E:/Patrones%20de%20Diseño%20-%207c/C2%20ejemplos/PatronChainOfResponsability/src/ar/com/educacionit/patrones/chain/impl/Aprobador.java</file>
        </group>
    </open-files>
</project-private>
