<?xml version="1.0" encoding="UTF-8"?>
<project-private xmlns="http://www.netbeans.org/ns/project-private/1">
    <editor-bookmarks xmlns="http://www.netbeans.org/ns/editor-bookmarks/2" lastBookmarkId="0"/>
    <open-files xmlns="http://www.netbeans.org/ns/projectui-open-files/2">
        <group name="C4 ejemplos">
            <file>file:/C:/Users/Federico/Documents/Educación%20IT/Patrones%20de%20Diseño/__Formato%207%20clases/C4%20ejemplos/Observer/src/ar/com/fg/subject/Servidor.java</file>
            <file>file:/C:/Users/Federico/Documents/Educación%20IT/Patrones%20de%20Diseño/__Formato%207%20clases/C4%20ejemplos/Observer/src/ar/com/fg/main/Main.java</file>
            <file>file:/C:/Users/Federico/Documents/Educación%20IT/Patrones%20de%20Diseño/__Formato%207%20clases/C4%20ejemplos/Observer/src/ar/com/fg/subject/ServidorWeb.java</file>
            <file>file:/C:/Users/Federico/Documents/Educación%20IT/Patrones%20de%20Diseño/__Formato%207%20clases/C4%20ejemplos/Observer/src/ar/com/fg/observers/PaginaDeStatus.java</file>
        </group>
    </open-files>
</project-private>
