<?xml version="1.0" encoding="UTF-8"?>
<project-private xmlns="http://www.netbeans.org/ns/project-private/1">
    <editor-bookmarks xmlns="http://www.netbeans.org/ns/editor-bookmarks/2" lastBookmarkId="0"/>
    <open-files xmlns="http://www.netbeans.org/ns/projectui-open-files/2">
        <group name="C5 ejemplos">
            <file>file:/E:/Patrones%20de%20Diseño%20-%207c/C5%20ejemplos/PatronIterator/src/ar/com/educacionit/patrones/iterator/Division.java</file>
            <file>file:/E:/Patrones%20de%20Diseño%20-%207c/C5%20ejemplos/PatronIterator/src/ar/com/educacionit/patrones/iterator/Main.java</file>
            <file>file:/E:/Patrones%20de%20Diseño%20-%207c/C5%20ejemplos/PatronIterator/src/ar/com/educacionit/patrones/iterator/DivisionIterator.java</file>
        </group>
    </open-files>
</project-private>
