<?xml version="1.0" encoding="UTF-8"?>
<project-private xmlns="http://www.netbeans.org/ns/project-private/1">
    <editor-bookmarks xmlns="http://www.netbeans.org/ns/editor-bookmarks/2" lastBookmarkId="0"/>
    <open-files xmlns="http://www.netbeans.org/ns/projectui-open-files/2">
        <group name="Clase 2">
            <file>file:/D:/clase2-pdd/practica/Adapter/src/ar/com/fg/sistemalogistico/Pedido.java</file>
            <file>file:/D:/clase2-pdd/practica/Adapter/src/ar/com/fg/sistemalogistico/Envio.java</file>
            <file>file:/D:/clase2-pdd/practica/Adapter/src/ar/com/fg/adapter/AdaptadorVentaPedido.java</file>
            <file>file:/D:/clase2-pdd/practica/Adapter/src/ar/com/fg/main/Main.java</file>
            <file>file:/D:/clase2-pdd/practica/Adapter/src/ar/com/fg/ecommerce/Venta.java</file>
        </group>
    </open-files>
</project-private>
