<?xml version="1.0" encoding="UTF-8"?>
<project-private xmlns="http://www.netbeans.org/ns/project-private/1">
    <editor-bookmarks xmlns="http://www.netbeans.org/ns/editor-bookmarks/2" lastBookmarkId="0"/>
    <open-files xmlns="http://www.netbeans.org/ns/projectui-open-files/2">
        <group name="C6 ejemplos">
            <file>file:/E:/Patrones%20de%20Diseño%20-%207c/C6%20ejemplos/PatronVisitor/src/ar/com/educacionit/patrones/visitor/Producto.java</file>
            <file>file:/E:/Patrones%20de%20Diseño%20-%207c/C6%20ejemplos/PatronVisitor/src/ar/com/educacionit/patrones/visitor/main/Main.java</file>
            <file>file:/E:/Patrones%20de%20Diseño%20-%207c/C6%20ejemplos/PatronVisitor/src/ar/com/educacionit/patrones/visitor/ProductoVisitor.java</file>
            <file>file:/E:/Patrones%20de%20Diseño%20-%207c/C6%20ejemplos/PatronVisitor/src/ar/com/educacionit/patrones/visitor/ProductoExento.java</file>
            <file>file:/E:/Patrones%20de%20Diseño%20-%207c/C6%20ejemplos/PatronVisitor/src/ar/com/educacionit/patrones/visitor/IVA.java</file>
            <file>file:/E:/Patrones%20de%20Diseño%20-%207c/C6%20ejemplos/PatronVisitor/src/ar/com/educacionit/patrones/visitor/ProductoDescuento.java</file>
            <file>file:/E:/Patrones%20de%20Diseño%20-%207c/C6%20ejemplos/PatronVisitor/src/ar/com/educacionit/patrones/visitor/ProductoNormal.java</file>
        </group>
    </open-files>
</project-private>
